<?xml version="1.0" encoding="utf-8" ?>
<dwsync>
<file name="about-us.php" server="s223809.gridserver.com//domains/s223809.gridserver.com/html/" local="131731293799530219" remote="131694894600000000" Dst="2" />
<file name="add-new-property.php" server="s223809.gridserver.com//domains/s223809.gridserver.com/html/" local="131731293802685219" remote="131614419000000000" Dst="2" />
<file name="agents.php" server="s223809.gridserver.com//domains/s223809.gridserver.com/html/" local="131731293802830218" remote="131728944000000000" Dst="2" />
<file name="agent-detail.php" server="s223809.gridserver.com//domains/s223809.gridserver.com/html/" local="131731293803210223" remote="131694142800000000" Dst="2" />
<file name="blogs.php" server="s223809.gridserver.com//domains/s223809.gridserver.com/html/" local="131731293805805233" remote="131694948600000000" Dst="2" />
<file name="buy-a-home.php" server="s223809.gridserver.com//domains/s223809.gridserver.com/html/" local="131731293806720245" remote="131713263600000000" Dst="2" />
<file name="buyer-faqs.php" server="s223809.gridserver.com//domains/s223809.gridserver.com/html/" local="131731293807520222" remote="131694946800000000" Dst="2" />
<file name="buyers-steps.php" server="s223809.gridserver.com//domains/s223809.gridserver.com/html/" local="131731293809815221" remote="131694946200000000" Dst="2" />
<file name="commercial.php" server="s223809.gridserver.com//domains/s223809.gridserver.com/html/" local="131731293810735216" remote="131724478200000000" Dst="2" />
<file name="buyers.php" server="s223809.gridserver.com//domains/s223809.gridserver.com/html/" local="131731293813040229" remote="131617131600000000" Dst="2" />
<file name="communities.php" server="s223809.gridserver.com//domains/s223809.gridserver.com/html/" local="131731293814500222" remote="131694953400000000" Dst="2" />
<file name="compare-properties.php" server="s223809.gridserver.com//domains/s223809.gridserver.com/html/" local="131731293816285226" remote="131617131600000000" Dst="2" />
<file name="company.php" server="s223809.gridserver.com//domains/s223809.gridserver.com/html/" local="131731293816415246" remote="131617131600000000" Dst="2" />
<file name="contactus.php" server="s223809.gridserver.com//domains/s223809.gridserver.com/html/" local="131731293817800225" remote="131728926000000000" Dst="2" />
<file name="county-bergen.php" server="s223809.gridserver.com//domains/s223809.gridserver.com/html/" local="131731293819650256" remote="131658829800000000" Dst="2" />
<file name="county.php" server="s223809.gridserver.com//domains/s223809.gridserver.com/html/" local="131731293819820216" remote="131664679800000000" Dst="2" />
<file name="for-landlords.php" server="s223809.gridserver.com//domains/s223809.gridserver.com/html/" local="131731293821080216" remote="131694949800000000" Dst="2" />
<file name="home-inspections.php" server="s223809.gridserver.com//domains/s223809.gridserver.com/html/" local="131731293822870219" remote="131694954000000000" Dst="2" />
<file name="home-warranties.php" server="s223809.gridserver.com//domains/s223809.gridserver.com/html/" local="131731293823010222" remote="131694954000000000" Dst="2" />
<file name="homeowners-insurance.php" server="s223809.gridserver.com//domains/s223809.gridserver.com/html/" local="131731293824330212" remote="131694954000000000" Dst="2" />
<file name="moving.php" server="s223809.gridserver.com//domains/s223809.gridserver.com/html/" local="131731293826180213" remote="131694954600000000" Dst="2" />
<file name="main.php" server="s223809.gridserver.com//domains/s223809.gridserver.com/html/" local="131736611275768397" remote="131736502800000000" Dst="2" />
<file name="nyc.php" server="s223809.gridserver.com//domains/s223809.gridserver.com/html/" local="131731293827545252" remote="131724477600000000" Dst="2" />
<file name="privacy.php" server="s223809.gridserver.com//domains/s223809.gridserver.com/html/" local="131731293829990226" remote="131615629800000000" Dst="2" />
<file name="rentals.php" server="s223809.gridserver.com//domains/s223809.gridserver.com/html/" local="131731293831440572" remote="131664645000000000" Dst="2" />
<file name="properties-list-compare.php" server="s223809.gridserver.com//domains/s223809.gridserver.com/html/" local="131731293831550248" remote="131639612400000000" Dst="2" />
<file name="renters-steps.php" server="s223809.gridserver.com//domains/s223809.gridserver.com/html/" local="131731293833230216" remote="131694949800000000" Dst="2" />
<file name="seller-faqs.php" server="s223809.gridserver.com//domains/s223809.gridserver.com/html/" local="131731293835380235" remote="131694947400000000" Dst="2" />
<file name="seller-steps.php" server="s223809.gridserver.com//domains/s223809.gridserver.com/html/" local="131731293835580312" remote="131694947400000000" Dst="2" />
<file name="videos.php" server="s223809.gridserver.com//domains/s223809.gridserver.com/html/" local="131731293836940223" remote="131724480000000000" Dst="2" />
<file name="view-property.php" server="s223809.gridserver.com//domains/s223809.gridserver.com/html/" local="131736610268080794" remote="131736502200000000" Dst="2" />
</dwsync>