-- phpMyAdmin SQL Dump
-- version 4.7.7
-- https://www.phpmyadmin.net/
--
-- Host: localhost:3306
-- Generation Time: Sep 27, 2018 at 06:51 PM
-- Server version: 5.5.60-cll
-- PHP Version: 5.6.30

SET SQL_MODE = "NO_AUTO_VALUE_ON_ZERO";
SET AUTOCOMMIT = 0;
START TRANSACTION;
SET time_zone = "+00:00";


/*!40101 SET @OLD_CHARACTER_SET_CLIENT=@@CHARACTER_SET_CLIENT */;
/*!40101 SET @OLD_CHARACTER_SET_RESULTS=@@CHARACTER_SET_RESULTS */;
/*!40101 SET @OLD_COLLATION_CONNECTION=@@COLLATION_CONNECTION */;
/*!40101 SET NAMES utf8mb4 */;

--
-- Database: `mysite_links2018`
--

-- --------------------------------------------------------

--
-- Table structure for table `users`
--

CREATE TABLE `users` (
  `id` int(11) UNSIGNED NOT NULL,
  `ip_address` varchar(45) NOT NULL,
  `username` varchar(100) DEFAULT NULL,
  `password` varchar(255) NOT NULL,
  `salt` varchar(255) DEFAULT NULL,
  `email` varchar(254) NOT NULL,
  `activation_code` varchar(40) DEFAULT NULL,
  `forgotten_password_code` varchar(40) DEFAULT NULL,
  `forgotten_password_time` int(11) UNSIGNED DEFAULT NULL,
  `remember_code` varchar(40) DEFAULT NULL,
  `created_on` int(11) UNSIGNED NOT NULL,
  `last_login` int(11) UNSIGNED DEFAULT NULL,
  `active` tinyint(1) UNSIGNED DEFAULT NULL,
  `first_name` varchar(50) DEFAULT NULL,
  `last_name` varchar(50) DEFAULT NULL,
  `company` varchar(100) DEFAULT NULL,
  `phone` varchar(20) DEFAULT NULL
) ENGINE=InnoDB DEFAULT CHARSET=utf8;

--
-- Dumping data for table `users`
--

INSERT INTO `users` (`id`, `ip_address`, `username`, `password`, `salt`, `email`, `activation_code`, `forgotten_password_code`, `forgotten_password_time`, `remember_code`, `created_on`, `last_login`, `active`, `first_name`, `last_name`, `company`, `phone`) VALUES
(1, '127.0.0.1', 'administrator', '$2a$07$SeBknntpZror9uyftVopmu61qg0ms8Qv1yV6FG.kQOSM.9QhmTo36', '', 'admin@admin.com', '', NULL, NULL, NULL, 1268889823, 1538009428, 1, 'Admin', 'istrator', NULL, '0'),
(2, '::1', 'evelio@mailers.com', '$2y$08$jF0SK.ojsBQ7hgOk4z1Jiu6Ut2QX.XyP64RDKM8ObyuTHJrbRe4TS', NULL, 'evelio@mailers.com', NULL, 'FKg5Cze51YWFnVcLxQKkGe9efaac1655048bcd55', 1538008104, NULL, 1528587529, 1538008895, 1, 'Evelio 2', 'Velez', NULL, '(973) 478-8813'),
(3, '173.70.48.89', 'zeevyah@linksnj.com', '$2y$08$cGkll6U6InHr/wMuoUc76e0qlEj8k5bJsDPeyNDi4lVBRuVDrbY6K', NULL, 'zeevyah@linksnj.com', NULL, NULL, NULL, NULL, 1529550991, NULL, 1, 'Zeevyah', 'Benoff', NULL, '(201) 992-3600'),
(4, '68.194.208.52', 'sam@links.com', '$2y$08$9FlMQ78FYDTWGvrozj2PPeFuLMQGgk4fyo2jUTuufc7eUBCtfqgSe', NULL, 'sam@links.com', '8aa160dc0635f970203af3f3974bf42c652c6291', NULL, NULL, NULL, 1531963058, NULL, 0, 'Sam', 'Smith', 'Links', '(999) 999-9999'),
(5, '173.70.48.89', 'alain@linksnj.com', '$2y$08$LP09qTAgJNasaKmO3LA.Mu7x8mG8xLwk5OSljnZS8hlh59oANAEoO', NULL, 'alain@linksnj.com', NULL, NULL, NULL, NULL, 1531963369, NULL, 1, 'Alain', 'Spira', NULL, '(201) 992-3600'),
(6, '173.70.48.89', 'ajijon@linksnj.com', '$2y$08$flsorXigU1mXnXm.tk.IAOR1ksby.QABMnAiDnTNcM7QTzQUPNh8S', NULL, 'ajijon@linksnj.com', NULL, NULL, NULL, NULL, 1531969493, NULL, 1, 'Aleshia', 'Jijon', NULL, '(201) 636-7200'),
(7, '173.70.48.89', 'alicia.pugh@linksnj.com', '$2y$08$3obGr07CeKQjzrv3/LbrieHULTA15AlsTJHtvIjH2OlY1GD3AlVq2', NULL, 'alicia.pugh@linksnj.com', NULL, NULL, NULL, NULL, 1531971156, NULL, 1, 'Alicia', 'Pugh', NULL, '(201) 636-7200'),
(8, '173.70.48.89', 'brigitte.hauyon@linksnj.com', '$2y$08$CMVvj.cJ6Tow.Yff8bWmleMlBg9UQn9sneX0npvZz8LJp/3PAIzQy', NULL, 'brigitte.hauyon@linksnj.com', NULL, NULL, NULL, NULL, 1531971783, NULL, 1, 'Brigitte', 'Hauyon', NULL, '201.636.7200'),
(9, '173.70.48.89', 'bruce@linksnj.com', '$2y$08$GBbX4BaZVulgvTgiVm7fmOo/Ie4Uyy7PIbbtJ8dqi2sSkNXFh8.wm', NULL, 'bruce@linksnj.com', NULL, NULL, NULL, NULL, 1531972572, NULL, 1, 'Bruce', 'Elichman', NULL, '(201) 992-3600'),
(10, '173.70.48.89', 'carlos.ortiz@linksnj.com', '$2y$08$DKzD1G6EvMUqitsdIh2qU.2UNN0NCIi5E29hZVU7SPgOkxHXjTq4y', NULL, 'carlos.ortiz@linksnj.com', NULL, NULL, NULL, NULL, 1531973097, NULL, 1, 'Carlos', 'Ortiz', NULL, '(201) 992-3600'),
(11, '173.70.48.89', 'carol@linksnj.com', '$2y$08$05/M7IaLesCVNj51vA4evO1ox6H74BTzEwAR/gm30R.9iZlbqM6nq', NULL, 'carol@linksnj.com', NULL, NULL, NULL, NULL, 1531973363, NULL, 1, 'Carol', 'Urena', NULL, '(201) 636-7200'),
(12, '173.70.48.89', 'cathy@linksnj.com', '$2y$08$7pfhWPmj2C1b4AwVnYsfpuIZbAqivLkUPBh7O.Ux2Ky5kQBQN4Ycu', NULL, 'cathy@linksnj.com', NULL, NULL, NULL, NULL, 1531973990, NULL, 1, 'Catherine', 'Denis', NULL, '(201) 636-7200'),
(13, '173.70.48.89', 'dalia.sakai@linksnj.com', '$2y$08$NlRnHtVgaEznw/qfRY0Nf.wGqXBrhgLlhTqLuYIhoAyyJaopcYmsO', NULL, 'dalia.sakai@linksnj.com', NULL, NULL, NULL, NULL, 1531974864, NULL, 1, 'Dalia', 'Sakai', NULL, '(201) 992-3600'),
(14, '173.70.48.89', 'dara.klatsky@linksnj.com', '$2y$08$5LWjqVChlt3GhDZQx3bcTua.U1.zBshxSUFlZU9UQLixl6TKAYOOO', NULL, 'dara.klatsky@linksnj.com', NULL, NULL, NULL, NULL, 1531975323, NULL, 1, 'Dara', 'Klatsky', NULL, '(201) 992-3600'),
(15, '173.70.48.89', 'deborah@linksnj.com', '$2y$08$K.ZKr4DBKwfs/TpowWHXTuizDNDZTfUe5qOkcapL6Insxa3TWKCBS', NULL, 'deborah@linksnj.com', NULL, NULL, NULL, NULL, 1531975504, NULL, 1, 'Deborah', 'Pearlman', NULL, '(201) 992-3600'),
(16, '173.70.48.89', 'donald@linksnj.com', '$2y$08$uzdVqOaHubYGXOjNjoUBsuSyRMeZ9CGjeKBuRka6FnIAmeV1WHbwy', NULL, 'donald@linksnj.com', NULL, NULL, NULL, NULL, 1531975979, NULL, 1, 'Donald', 'Callwood', NULL, '(201) 992-3600'),
(17, '173.70.48.89', 'dov@linksnj.com', '$2y$08$UZzBDhCvtaT4eUWoPz1VbeGaU4mH7B1neJsNaqUM5b19tfyEnapne', NULL, 'dov@linksnj.com', NULL, NULL, NULL, NULL, 1531976142, NULL, 1, 'Dov', 'Mittelman', NULL, '(201) 992-3600'),
(18, '173.70.48.89', 'gnesha@linksnj.com', '$2y$08$IA0s15F0w/ZPdn2c5mTz8.EFOEY02AtVGKBdhqwe.arIeQQOsiZ6K', NULL, 'gnesha@linksnj.com', NULL, NULL, NULL, NULL, 1531976454, NULL, 1, 'Gnesha', 'Shain', NULL, '(201) 992-3600'),
(19, '173.70.48.89', 'johanna@linksnj.com', '$2y$08$74AVjQM9gETbECXCcTflMeyk4tShUlDehW7ChOoF6diYnfNiTR8/2', NULL, 'johanna@linksnj.com', NULL, NULL, NULL, NULL, 1532053387, NULL, 1, 'Johanna', 'Cogan', NULL, '(201) 992-3600'),
(20, '173.70.48.89', 'julieanne@linksnj.com', '$2y$08$ibWDX5HnF4WIVz.BRz3TBup7DKKEKIE7sF8j3jrgCLdO/LdRhnE0q', NULL, 'julieanne@linksnj.com', NULL, NULL, NULL, NULL, 1532053658, NULL, 1, 'Julieanne', 'DesJardins', NULL, '(201) 992-3600'),
(21, '173.70.48.89', 'kenneth@linksnj.com', '$2y$08$zMfW2KuH3jg.7UlwfpCWM.YrleZylGOmbSSOEpGWqld4U24Apu8Pa', NULL, 'kenneth@linksnj.com', NULL, NULL, NULL, NULL, 1532054010, NULL, 1, 'Kenneth', 'Grier', NULL, '(201) 992-3600'),
(22, '173.70.48.89', 'ken@linksnj.com', '$2y$08$GRkevOGBWqAS0qmxjX1Y0.jDKtLcY7ALXuo7CTsZvy6n1/2QJ1DLK', NULL, 'ken@linksnj.com', NULL, NULL, NULL, NULL, 1532054350, NULL, 1, 'Kenneth', 'Schwartz', NULL, '(201) 992-3600'),
(23, '173.70.48.89', 'liora.kirsch@linksnj.com', '$2y$08$2Ue55lg95Afzy.zuV3lWAOOfnL/0BxNgri2H7Jm.aYmgRp5YuXV3C', NULL, 'liora.kirsch@linksnj.com', NULL, NULL, NULL, NULL, 1532054569, NULL, 1, 'Liora', 'Kirsch', NULL, '(201) 992-3600'),
(24, '173.70.48.89', 'luis.gutierrez@linksnj.com', '$2y$08$A/4F0kpez8aBwuvHndAIrOsKg7fiohXOhBYJxpbGodcG/dXpcj9Ly', NULL, 'luis.gutierrez@linksnj.com', NULL, NULL, NULL, NULL, 1532055230, NULL, 1, 'Luis', 'Gutierrez', NULL, '(201) 992-3600'),
(25, '173.70.48.89', 'malka@linksnj.com', '$2y$08$0qw5Fczn6RpQwj/vzlOfYugERodIRimBS.oSjLXzENKWD0cxWmOWS', NULL, 'malka@linksnj.com', NULL, NULL, NULL, NULL, 1532055642, NULL, 1, 'Malka', 'Abrahams', NULL, '(201) 992-3600'),
(26, '173.70.48.89', 'malkie@linksnj.com', '$2y$08$LjOzIOnhUdJuLUku2BLcC.YmrzP6xQCgdDksZ1kzcwUrXmrMIZHlW', NULL, 'malkie@linksnj.com', NULL, NULL, NULL, NULL, 1532055956, NULL, 1, 'Malka', 'Benson', NULL, '(201) 992-3600'),
(27, '173.70.48.89', 'marc@linksnj.com', '$2y$08$w7SwYzsvqEbxrAHShXjC5.YLGQ7V8bHDlFixVtFXksVzLnDxYZaDK', NULL, 'marc@linksnj.com', NULL, NULL, NULL, NULL, 1532056216, NULL, 1, 'Marc', 'Stein', NULL, '(201) 992-3600'),
(28, '173.70.48.89', 'michelle.padilla@linksnj.com', '$2y$08$KGr6REGHGtSrFm9rFuh3S.Zkogd1AyRxi3piN3cPQtPd4AaSQo0Iu', NULL, 'michelle.padilla@linksnj.com', NULL, NULL, NULL, NULL, 1532056397, NULL, 1, 'Michelle', 'Padilla', NULL, '(201) 992-3600'),
(29, '173.70.48.89', 'michelle@linksnj.com', '$2y$08$8JGDI70GddI76T/vLOQIZevRFegGv3fqywPl6PXMW/eJ5H.SAbAKu', NULL, 'michelle@linksnj.com', NULL, NULL, NULL, NULL, 1532056648, NULL, 1, 'Michelle', 'Wasserlauf', NULL, '(201) 992-3600'),
(30, '173.70.48.89', 'nina@linksnj.com', '$2y$08$ikTsky.1u0iGebzMMxVqv.uHVMnuuDb.eIUZnvIXvO/DFt1JIOSF.', NULL, 'nina@linksnj.com', NULL, NULL, NULL, NULL, 1532057720, NULL, 1, 'Nina', 'Eizikovitz', NULL, '(201) 992-3600'),
(31, '173.70.48.89', 'rena@linksnj.com', '$2y$08$AtgLlcPRH7T0686yViP01OBRUm.YdRePFI9xLVT1xAWorayUcvVkS', NULL, 'rena@linksnj.com', NULL, NULL, NULL, NULL, 1532058244, NULL, 1, 'Rena', 'Strulowitz', NULL, '(201) 992-3600'),
(32, '173.70.48.89', 'roger@linksnj.com', '$2y$08$i1XF7Ha8HvK0CPmL8HUHq.6rUlc0kofA2ndXDfqjcU19mtxT2QhIG', NULL, 'roger@linksnj.com', NULL, NULL, NULL, NULL, 1532058548, NULL, 1, 'Roger', 'Mejia-Lopez', NULL, '(201) 992-3600'),
(33, '173.70.48.89', 'sara@linksnj.com', '$2y$08$KlOXZOZK3X0DNlgVRUkWq.WmTiWyh9PXQezV8zHKjBaZA1z463/TC', NULL, 'sara@linksnj.com', NULL, NULL, NULL, NULL, 1532059262, NULL, 1, 'Sara', 'Landerer', NULL, '(201) 992-3600'),
(34, '173.70.48.89', 'tutu@linksnj.com', '$2y$08$XGb/qI/ewNEkW0tI2Z6SK.CevSZgpc4Z30BNC7nbrGLS.EQo7tbSW', NULL, 'tutu@linksnj.com', NULL, NULL, NULL, NULL, 1532059563, NULL, 1, 'Suzanne', 'Packer', NULL, '(201) 992-3600'),
(35, '173.70.48.89', 'tatiana@linksnj.com', '$2y$08$mys7Qr6y7lA8HcYTZKGFxeti5yUBUNTiY4in4i7XRrOeIfKqG1RnW', NULL, 'tatiana@linksnj.com', NULL, NULL, NULL, NULL, 1532059787, NULL, 1, 'Tatiana', 'Leon', NULL, '(201) 992-3600');

-- --------------------------------------------------------

--
-- Table structure for table `users_data`
--

CREATE TABLE `users_data` (
  `id` int(11) NOT NULL,
  `user_id` int(11) NOT NULL,
  `middle_name` varchar(30) NOT NULL,
  `avatar_name` varchar(100) NOT NULL,
  `job_title` varchar(100) NOT NULL,
  `agent_id` int(11) NOT NULL,
  `ext` int(11) NOT NULL,
  `job_description` text NOT NULL,
  `designations` varchar(255) NOT NULL,
  `fun_facts` text NOT NULL,
  `office_location` int(11) NOT NULL,
  `facebook` varchar(100) DEFAULT NULL,
  `linkedin` varchar(100) DEFAULT NULL,
  `instagram` varchar(100) DEFAULT NULL,
  `twitter` varchar(100) DEFAULT NULL,
  `fax` varchar(14) NOT NULL,
  `cell_phone` varchar(14) NOT NULL,
  `hire_date` int(11) NOT NULL,
  `termination_date` int(11) NOT NULL,
  `termination_reason` varchar(100) NOT NULL,
  `is_deleted` tinyint(1) NOT NULL,
  `modified_date` int(11) NOT NULL,
  `admin_id` int(11) NOT NULL
) ENGINE=InnoDB DEFAULT CHARSET=utf8;

--
-- Dumping data for table `users_data`
--

INSERT INTO `users_data` (`id`, `user_id`, `middle_name`, `avatar_name`, `job_title`, `agent_id`, `ext`, `job_description`, `designations`, `fun_facts`, `office_location`, `facebook`, `linkedin`, `instagram`, `twitter`, `fax`, `cell_phone`, `hire_date`, `termination_date`, `termination_reason`, `is_deleted`, `modified_date`, `admin_id`) VALUES
(1, 1, '', '1_avatar_Koala.jpg', 'Agent', 12345, 0, 'I am an Agent', '', '', 0, '', '', '', '', '', '', 943945200, 0, '', 0, 0, 0),
(2, 2, 'M', '2_avatar_Koala.jpg', 'Sales Agent', 123456, 0, 'Coming Soon', '', '', 0, '', '', '', '', '', '', 943941600, 0, '', 0, 0, 0),
(3, 3, '', '3_avatar_Zeevyah_Benoff.jpg', 'Sales Associate / Realtor®', 1435963, 127, '<span id=\"docs-internal-guid-7dc82c36-205b-cb73-d8f4-b84c97ec2b62\"><span xss=\"removed\">Zeevyah has been a Teaneck resident for over 25 years and has extensive knowledge of the area, local schools and community organizations. Her drive, devotion and creativity have helped her build a successful career in real estate. She prides herself on her negotiation and advocacy skills. </span><span xss=\"removed\"><br class=\"kix-line-break\"></span><span xss=\"removed\">Prior to becoming a real estate professional she worked as a prosecutor in New York City Family Court. Her legal background and keen attention to detail coupled with her candor and energy has positioned her to be an invaluable asset to her clients. She brings a commitment to go above and beyond. </span><span xss=\"removed\"><br class=\"kix-line-break\"></span><span xss=\"removed\"><br class=\"kix-line-break\"></span><span xss=\"removed\">Zeevyah currently lives in the West Englewood section of Teaneck with her husband, Ari Stein and her four young children.</span><span xss=\"removed\"><br class=\"kix-line-break\"></span><span xss=\"removed\"><br class=\"kix-line-break\"></span><span xss=\"removed\">Zeevyah is a member of the National Association of Realtors, Eastern Bergen Board of Realtors, New Jersey MLS and holds her New York Broker\'s License. She looks forward towards working together with you to find you the perfect home. </span></span>', '', '', 0, 'zeevyah.benoff', '', '', '', '(201) 706-7008', '(201) 956-0208', 943945200, 0, '', 0, 0, 0),
(4, 4, '', '', '', 0, 0, '', '', '', 0, NULL, NULL, NULL, NULL, '', '', 1531963058, 0, '', 0, 0, 0),
(5, 5, '', '5_avatar_Alain_Spira.jpg', 'Sales Associate / Realtor®', 1540849, 0, '<span id=\"docs-internal-guid-a6790f55-b023-3542-2276-75e84608e5eb\"><p dir=\"ltr\" xss=removed><span xss=removed>Alain Spira was born in Antwerp Belgium, and currently resides in Riverdale, NY with his lovely wife and children. He received his MBA from Columbia University and provides clients with a unique perspective, having a background in banking and business. </span></p><p dir=\"ltr\" xss=removed><span xss=removed>A genuine people person with the drive and determination to offer his clients the best service, Alain\'s background and experience have helped him develop a perspective on the market with a special concentration on the financials of a transaction. His focus is working with Real Estate investors and helps keep all eyes on the bottom line.</span></p><p dir=\"ltr\" xss=removed><span xss=removed>Alain is a member of the National Association of Realtors, the Eastern Bergen Board of Realtors and the New Jersey MLS.</span></p><div><span xss=removed><br></span></div></span>', '', '', 0, '', '', '', '', '(201) 706-7008', '(917) 680-1885', 943945200, 0, '', 0, 0, 0),
(6, 6, '', '6_avatar_Aleshia_Jijon_Headshot_Cropped.jpg', 'Sales Associate / Realtor®', 1327287, 202, '<span id=\"docs-internal-guid-70b28845-b080-92fa-715b-bd2eae64ac4b\"><p dir=\"ltr\" xss=removed><span xss=removed>Born and raised in Bergen County, NJ, Aleshia\'s excellent client service stems from her knowledge of the real estate market and corporate marketing background. Her integrity, energy, hard work, and creativity, led her to pursue a successful career in real estate. </span></p><p dir=\"ltr\" xss=removed><span xss=removed>Offering a youthful demeanor and experience, she is approachable and adaptive, working well with all her clients to achieve their real estate goals. Specializing in multiple aspects, Aleshia sets a new standard, helping and educating buyers, sellers and investors looking to take the next step! Known by clients and colleagues alike for her tenacity, you can be assured that she will stay on top of all aspects of a deal to provide a smooth and seamless transaction.</span></p><p dir=\"ltr\" xss=removed><span xss=removed>Your goals become hers and she will provide a wonderful and successful experience. Aleshia is fluent in Spanish, a member of the National Association of Realtors, Eastern Bergen Board of Realtors and the New Jersey MLS.</span></p><div><span xss=removed><br></span></div></span>', '', '', 0, '', '', '', '', '(201) 706-7008', '(201) 647-5153', 1531983600, 0, '', 0, 0, 0),
(7, 7, '', '7_avatar_AliciaPugh.jpg', 'Broker Associate', 786331, 206, '<span id=\"docs-internal-guid-a45294b3-b09a-23ce-3628-cfbab31f4a99\"><p dir=\"ltr\" xss=\"removed\"><span xss=\"removed\">Alicia Pugh has been a resident of Bergen County for 28 years. She started her career in Real Estate eight years ago, while still working in corporate America. Her knowledge of the local market makes her a point of contact to put her expertise to work for you, to assist in selling or renting your home and/or finding the home of your dreams. Real estate is a relationship based business and she seeks to create relationships built on trust and honesty. She is committed to giving the attention and support you deserve. Alicia is professional, responsive, helpful, and does everything she can to get results. </span></p><p dir=\"ltr\" xss=\"removed\"><span xss=\"removed\">Alicia is a firm believer in giving back to the community. Currently she volunteers at a pregnancy resource center, at church, and at the Bogota Library. She is a member of Bogota Beautiful and the Community Service Committee at the Eastern Bergen County Board of Realtors. In her spare moments Alicia is reading, quilting, crocheting or just enjoying the outdoors. </span></p><p dir=\"ltr\" xss=\"removed\"><span xss=\"removed\">Her Motto: Satisfaction 1st; Integrity Always</span></p><p dir=\"ltr\" xss=\"removed\"><span xss=\"removed\">Alicia is a member of the National Association of Realtors, Eastern Bergen Board of Realtors, New Jersey MLS, and Hudson County MLS. She is a designated Seniors Real Estate Specialist®, qualified to address the needs of home buyers and sellers age 50 and over, as well as a designated Short Sales and Foreclosure Resource Specialist® equipped with the skills to help buyers and sellers of distressed properties.</span></p><div><span xss=\"removed\"><br></span></div></span>', '', '', 0, 'Alicia-Pugh-Broker-Associate-141408472605682', '', '', '', '(201) 706-7008', '(201) 981-6890', 1531983600, 0, '', 0, 0, 0),
(8, 8, '', '8_avatar_BrigitteHauyon.jpg', 'Realtor', 12345678, 0, '<span id=\"docs-internal-guid-15885aa8-b0a3-3089-f834-c863d02f47a0\"><p dir=\"ltr\" xss=\"removed\"><span xss=\"removed\">Brigitte brings over 13 years of experience in Corporate Finance where she worked with hundreds of clients, business stakeholders, and vendors. Key to her success has always been her strong work ethic, excellent customer service and negotiating skills, her ability to understand peoples’ wants and needs, and her patient, easy-going demeanor. All of these traits will be equally important as she begins her real estate career here at Links. </span></p><p dir=\"ltr\" xss=\"removed\"><span xss=\"removed\">Brigitte looks forwarding to establishing open communication and working with clients for all of their real estate needs. Her goal is to build lasting relationships while orchestrating deals for both buyers and sellers. You can rest assured that with Brigitte at the helm, she will stay on top of all of the details and provide a smooth transaction.</span></p><p dir=\"ltr\" xss=\"removed\"><span xss=\"removed\">Brigitte has been a resident of Bergen County for the last 10+ years and has loved every moment of it. She will utilize her inside knowledge and connections within the local markets to find the perfect home for buyers and ensure proper pricing and maximum exposure for sellers. </span></p><p dir=\"ltr\" xss=\"removed\"><span xss=\"removed\">Brigitte is fluent in both Spanish and Portuguese. She is a member of the National Association of Realtors, New Jersey Association of Realtors, Eastern Bergen County Board of Realtors, and the New Jersey MLS.</span></p><div><span xss=\"removed\"><br></span></div></span>', '', '', 0, '', '', '', '', '', '', 943945200, 0, '', 0, 0, 0),
(9, 9, '', '9_avatar_BruceEiichman.jpg', 'Broker Manager / Realtor®', 9799220, 129, '<span id=\"docs-internal-guid-88187a46-b0b1-3afc-af86-2bf6109e382a\"><p dir=\"ltr\" xss=\"removed\"><span xss=\"removed\">With over 28 years of experience as a business owner, and as a leading professional in the real estate industry for over 18 years, Bruce brings his seasoned management and marketing skills to the team. </span></p><p dir=\"ltr\" xss=\"removed\"><span xss=\"removed\">Bruce is a veteran not just in the industry, but for our country as well. He served in the US Army from 1968 -1970 with the Vietnam Combat Duty. He continues to stay involved and gives back to his community, holding numerous positions on various local boards. He served on the Board of Directors for the Jewish Federation, and was the Treasurer of Jewish Family Services of North Jersey. He is a former President of the Veterans Club in Haledon, NJ and was a Chairman of the United Jewish Appeal Campaign in Wayne, NJ.</span></p><p dir=\"ltr\" xss=\"removed\"><span xss=\"removed\">Bruce is a Licensed Real Estate Instructor for the State of New Jersey, served as the Treasurer for the Bergen County Board of Realtors, and is a member of the Board of Directors for both the Eastern Bergen County Board of Realtors Executive Committee and the New Jersey Association of Realtors (NJAR). He is also a part of the NJAR Circle of Excellence Committee.</span></p><p dir=\"ltr\" xss=\"removed\"><span xss=\"removed\">Along with his endless list of credentials, come Bruce\'s awards. He\'s received the NJAR Million Dollar Circle of Excellence Sales Award on eight different occasions, over the last 15 years.</span></p><div><span xss=\"removed\"><br></span></div></span>', 'MRP (Military Relocation Professional)', '', 0, '', '', '', '', '(201) 706-7008', '(201) 294-4858', 943945200, 0, '', 0, 0, 0),
(10, 10, '', '', 'Broker / Realtor®', 123456789, 0, '<span id=\"docs-internal-guid-ef5a8889-b0b4-db52-e2bf-dc6fd487c08f\"><p dir=\"ltr\" xss=removed><span xss=removed>A 5</span><span xss=removed>th</span><span xss=removed> generation coffee farmer, Carlos has always understood the importance of hard work and persistence. After graduating from Boston University with a degree in Hospitality Administration, he spent a yearlong apprenticeship in San Salvador where he learned all aspects of the coffee production process. From planting the seed to crafting the perfect cup of coffee. His fascination led him to enter into the family coffee business. His passion for satisfying customers, led him into the fast-paced world of restaurant management. Carlos worked in Manhattan at various casual and upscale restaurants as both a Manager and General Manager. In 2008 he began opening start-up restaurants in the Chelsea and Downtown districts of downtown Manhattan. Later in 2013 he opened the Blue Moon Mexican Cafe, a family-operated restaurant and bar in Jersey City, New Jersey. </span></p><p dir=\"ltr\" xss=removed><span xss=removed>Carlos comes to Links Residential eager and motivated to begin his real estate career. His passion for customer satisfaction and success in the hospitality industry makes him a natural fit. He is honest, loyal, dependable, and possesses strong leadership and interpersonal skills.  He looks forward to making the client experience as smooth, enjoyable, and memorable as possible.  </span><span xss=removed>“You’re not just investing in a house, you’re creating a home for your family!”</span></p><p dir=\"ltr\" xss=removed><span xss=removed>Carlos is a member of the National Association of Realtors, New Jersey Association of Realtors, Eastern Bergen County Board of Realtors, and New Jersey Multiple Listing Service. A resident of Bergen County for over 15 years, he currently resides in Cliffside Park with his wife and two beautiful daughters. During his free time, Carlos enjoys spending time with his family, kayaking, and looking for ways to stay involved and give back to his community.</span></p><div><span xss=removed><br></span></div></span>', '', '', 0, '', '', '', '', '(201) 706-7008', '', 1531983600, 0, '', 0, 0, 0),
(11, 11, '', '11_avatar_CarolUrena.jpg', 'Sales Associate', 1648649, 220, '<span id=\"docs-internal-guid-7765d009-b0bb-79fc-f45a-4a4756a177b2\"><p dir=\"ltr\" xss=removed><span xss=removed>Carol is an outgoing and passionate Realtor with several years of experience. She started her real estate career back in 2012 when she was offered an amazing opportunity to work with a developer in Teaneck where she gained valuable knowledge about being successful and thriving in the real estate industry. With a main focus on acquisitions, she worked as part of a team that closed deals on properties all over New Jersey. Thanks to the support and mentorship from the developer, Carol has been motivated to radiate that same success in the residential market.</span></p><p dir=\"ltr\" xss=removed><span xss=removed>Carol provides exceptional support and insight as she works with her clients throughout the entire process of buying or selling a home. Her charismatic energy combined with her strong work ethic ensures great client representation and a smooth transaction. Carol works diligently to understand her clients wants and needs so that she can get the most for them in every transaction.</span></p><p dir=\"ltr\" xss=removed><span xss=removed>Carol is a member of the National Association of Realtors, New Jersey Association of Realtors, Eastern Bergen County Board of Realtors, and both the Garden State and New Jersey Multiple Listing Services. She currently resides in East Rutherford where she lives with her family and volunteers for the local little league baseball team, sponsored by Redd’s. In her spare time, Carol enjoys cooking. She looks up new recipes and prepares meals that taste so amazing they would put you in a food coma.</span></p><p dir=\"ltr\" xss=removed><span xss=removed>Speak with Carol today to learn how she can best provides service to you for all of your real estate needs!</span></p><div><span xss=removed><br></span></div></span>', '', '', 0, '', '', '', '', '(201) 706-7008', '(201) 289-2357', 1531983600, 0, '', 0, 0, 0),
(12, 12, '', '12_avatar_CathyDenissm.jpg', 'Broker Manager / Realtor®', 8439238, 211, '<span id=\"docs-internal-guid-00fc3fa5-b0c4-add3-74c3-86f24a968d87\"><p dir=\"ltr\" xss=\"removed\"><span xss=\"removed\"><span class=\"Apple-tab-span\" xss=\"removed\"> </span></span><span xss=\"removed\">After spending the last 20 years with Century 21 Mainstream, Cathy Denis has finally found her “Home Sweet Home” here at Links Residential. During her tenure at Century 21, Cathy was a top producing realtor her first 10 years and spent the last 10 years as a Broker Owner educating and working with the newer agents that came on board. With over 30 years of real estate knowledge and experience she seeks to continue bringing buyers and sellers together here at Links. Whether you have a large estate, a smaller home, or a rental property you will be treated with the same respect and attention to detail. </span></p><p dir=\"ltr\" xss=\"removed\"><span xss=\"removed\">Having moved over 25 times before the age of 30, Cathy has experienced the moving process first-hand more times than most would in a lifetime. She currently resides in New Milford where she has been a resident for the last 35 years. Her familiarity with the local market is a major asset and she will do whatever it takes to provide her clients with the best service. When combined, Cathy’s winning attitude, network of professionals, and superb negotiating skills are a recipe for success. </span></p><p dir=\"ltr\" xss=\"removed\"><span xss=\"removed\">Cathy is a current member of the National Association of Realtors, New Jersey Association of Realtors, Eastern Bergen County Board of Realtors, and New Jersey MLS. She holds the following certifications: Certified Distressed Property Expert, Short Sales, and Senior Moves Specialist.  </span></p><p dir=\"ltr\" xss=\"removed\"><span xss=\"removed\">During her spare time Cathy enjoys spending time with her family, and helping her daughter Kimberly run her own flower company. Cathy believes in life “You are either a Whiner or a Winner, but you can’t be both”. Cathy is most certainly a winner!</span></p><div><span xss=\"removed\"><br></span></div></span>', 'CDPE (Certified Distressed Property Expert) & SRES (Senior Real Estate Specialist)', '', 0, '', '', '', '', '201.706.7008', '(201) 615-0246', 1531983600, 0, '', 0, 0, 0),
(13, 13, '', '13_avatar_DaliaSakai.jpg', 'Realtor', 1234567890, 0, '<span id=\"docs-internal-guid-0b3a5fd5-b0d1-a6f4-e05b-cf8b8861fcc1\"><p dir=\"ltr\" xss=\"removed\"><span xss=\"removed\">A resident of Bergen County for more than 25 years, Dalia brings with her both knowledge and connections in the local markets as she begins her real estate career. Her background as an educator combined with her “people person” mentality has been paramount to her success and satisfaction thus far in her career. As a real estate agent, Dalia enjoys scouting the local area and exploring new neighborhoods. She works tirelessly, investing both time and effort to learn the markets and trends. This positions her to find the perfect HOME for prospective buyers, and get maximum value and exposure for prospective sellers. She prides herself on her ability to understand her clients’ wants and needs. She then works diligently to negotiate with her clients’ best interests in mind. She is eager to share her professional insights to help make YOU a satisfied customer and earn YOUR respect and recommendation.</span></p><p dir=\"ltr\" xss=\"removed\"><span xss=\"removed\">This past summer Dalia attended the International Society for Technology in Education (ISTE) conference. There she gained valuable insight into continuously improving her professional practice, modeling lifelong learning, and exhibiting leadership in both her school and community by promoting and demonstrating the effective use of digital tools and resources.</span></p><p dir=\"ltr\" xss=\"removed\"><span xss=\"removed\">Dalia is a member of the National Association of Realtors, New Jersey Association of Realtors, Eastern Bergen County Board of Realtors, and the New Jersey Multiple Listing Service. During her spare time, Dalia enjoys cooking Persian food, especially for large crowds. She also enjoys swimming and biking, but most importantly – spending time with her beloved family. </span></p><span xss=\"removed\">“</span><span xss=\"removed\">A satisfied customer is the best recommendation”</span></span>', 'test', '', 0, '', '', '', '', '(201) 706-7008', '', 943945200, 0, '', 0, 0, 0),
(14, 14, '', '14_avatar_DaraKlatsky.JPG', 'Realtor', 123, 0, '<span id=\"docs-internal-guid-b836ad01-b0d8-79c7-6835-d6cc57ec3631\"><p dir=\"ltr\" xss=\"removed\"><span xss=\"removed\">Dara’s strong service oriented background has prepared her well for the diverse personalities and multi-faceted work encountered in real estate industry. </span></p><p dir=\"ltr\" xss=\"removed\"><span xss=\"removed\">Anyone who has worked with Dara remains consistently impressed with her dedication, creativity and customized service. Her extensive service background and diverse career path spanning athletic training, sales, and administration gave her a solid backbone of skills that serve as her greatest assets today. The impressive track record that she established in these roles was due to her ability to connect with people, earn trust and create lasting relationships.</span></p><p dir=\"ltr\" xss=\"removed\"><span xss=\"removed\">A graduate of Montclair State University with studies in Athletic Training, she serves as an active member of the Leonia High School Athletic Department, interacting and working with families and students on a daily basis.</span></p><p dir=\"ltr\" xss=\"removed\"><span xss=\"removed\">Outside of her career in real estate, she loves sports, traveling, and spending quality time with her two cats Lynx and Xena. She supports and donates to ASPCA, helping other animals in need. Dara is consistently exploring new places, taking in all that NJ has to offer, to share those insights with clients, so they too can find the right place to call home.</span></p><div><span xss=\"removed\"><br></span></div></span>', '', '', 0, '', '', '', '', '(201) 706-7008', '', 1531983600, 0, '', 0, 0, 0),
(15, 15, '', '15_avatar_DeborahPearlman.jpg', 'Sales Associate / Realtor®', 1751550, 133, '<span id=\"docs-internal-guid-a320fb0e-b0dc-12b8-c214-3f93bb200bea\"><p dir=\"ltr\" xss=removed><span xss=removed>Deborah Pearlman recognizes the value of “the look.” With a personal style all her own, she has an innate understanding of what a few small tweaks can do for a new listing or new purchase. “Once the prospective buyers and I have the location and size selected, I enjoy using my design skills to help unlock the potential style and layout that fits each owner’s taste.” Deborah also has a knack for making a listed property more appealing at Open Houses or in property photographs.</span></p><p dir=\"ltr\" xss=removed><span xss=removed>Before transitioning to real estate, Deborah spent eight years working in secondary education as a Program Coordinator, highlighting her attentiveness to details big and small. Her work included supervising large-scale programs and events from conception to execution. “Buying a home is one of the most important processes an individual, couple, or family experiences, and someone who can be trusted with overseeing every detail should be at the helm.” She graduated from the Stern College for Women in 2006 with a Bachelors in Science.</span></p><p dir=\"ltr\" xss=removed><span xss=removed>Deborah is an active community mom. Her children are heavily involved in regional athletics and competitive dance, which requires professional time-management skills and frequent check-ins, skills she intends to bring to buyers and sellers: “I am always available to manage any number of aspects that can arise from the home-buying process, and I am completely devoted to ensuring my clients\' experiences goes smoothly and in a timely fashion.” She lives in Bergenfield with her husband, caterer David, and three children: Yishaya, Leora, and Sammy. They love to cook dinner as a family and taking trips to unforgettable destinations (dream destinations include Hawaii and Dubai).</span></p><div><span xss=removed><br></span></div></span>', '', '', 0, '', '', '', '', '(201) 706-7008', '(917) 208-6415', 1531983600, 0, '', 0, 0, 0),
(16, 16, '', '16_avatar_DonaldCallwood.jpg', 'Sales Associate / Realtor®', 122163, 0, 'Bio To Follow', '', '', 0, '', '', '', '', '201.706.7008', '201.394.5565', 1531983600, 0, '', 0, 0, 0),
(17, 17, '', '17_avatar_DovMittelman.jpg', 'Sales Associate / Realtor®', 1649895, 135, 'Bio To Follow', '', '', 0, '', '', '', '', '201.706.7008', '917.225.4199', 943945200, 0, '', 0, 0, 0),
(18, 18, '', '18_avatar_GneshaShain.jpg', 'Sales Associate / Realtor®', 1538871, 0, '<span id=\"docs-internal-guid-8ad2ffaf-b0f0-94c6-05d0-0c2a49897ce5\"><p dir=\"ltr\" xss=\"removed\"><span xss=\"removed\">Born and raised in NY, and  living in the NJ area since 2002, Gnesha brings many years of sales experience and wisdom to all her real estate transactions. Her background in accounting gives her an additional understanding  of her client\'s needs when purchasing and selling properties. Gnesha works with clients patiently, honestly and with integrity, and will be there every step of the way to ensure they achieve their real estate goals. </span></p><p dir=\"ltr\" xss=\"removed\"><span xss=\"removed\">Gnesha is a member of the National Association of Realtors, the Eastern Bergen Board of Realtors, New Jersey MLS and Ocean County MLS.</span></p></span>', '', '', 0, 'gneshashainrealestate', 'in/gnesha-shain-22b66656', 'gneshashain', 'GneshaShain', '201.706.7008', '(908) 787-6300', 943945200, 0, '', 0, 0, 0),
(19, 19, '', '19_avatar_JohannaCogan.jpg', 'Sales Associate / Realtor®', 1540361, 208, '<span id=\"docs-internal-guid-eadb2332-b581-258e-53a4-f994fb90c780\"><p dir=\"ltr\" xss=removed><span xss=removed>As a lifelong resident of Bergen County, Johanna has a strong understanding of the New York Metro area.  Whether it is a quiet suburban town or the hustle and bustle of Hoboken, she can find the right place for you.  </span></p><br><p dir=\"ltr\" xss=removed><span xss=removed>After receiving her degree from Rutgers, she worked for  a number of years in Manhattan. Johanna learned at a young age that there is no substitute for integrity and having a strong work ethic. She brings an energetic spirit and commitment, making the purchase or sale of a home a very rewarding and positive experience. Her expertise in the local market and great attention to detail makes her a genuine asset to her clients.</span></p><br><p dir=\"ltr\" xss=removed><span xss=removed>Johanna understands how nerve racking finding a new home can be and will work diligently to make the process as painless and smooth as possible. </span></p><br><p dir=\"ltr\" xss=removed><span xss=removed>In her spare time, Johanna enjoys going to one of the many parks in Bergen County for walks. A mother of two young children, she loves getting together with her family and two dogs. She also works hard alongside her husband to help grow his construction company, Clean Cut Construction in New Milford, NJ. </span></p><br><p dir=\"ltr\" xss=removed><span xss=removed>Johanna is a member of the National Association of Realtors, Eastern Bergen County Board of Realtors and the New Jersey MLS.</span></p><div><span xss=removed><br></span></div></span>', '', '', 0, '', '', '', '', '201.706.7008', '(551) 404-3177', 1532070000, 0, '', 0, 0, 0),
(20, 20, '', '20_avatar_JulieanneDesJardins.jpg', 'Realtor', 12987654, 0, '<span id=\"docs-internal-guid-2167cee0-b583-f11c-4965-2351d897357f\"><p dir=\"ltr\" xss=removed><span xss=removed>Julieanne DesJardins joins LINKS RESIDENTIAL in Maywood, New Jersey as a full-time agent and savvy businesswoman.  As a realtor, Julieanne’s hallmark has been extraordinary client service, relationship and business development. Her work ethic, dedication to her clients and commitment to excellence were refined throughout her 30 year career in the prestige cosmetic and skincare industry. Julieanne has brought this expertise to her career in real estate. Her forthright yet sincere and friendly approach always yields a smile from her clients because at the end of the day “realtors need closure”.</span></p><br><p dir=\"ltr\" xss=removed><span xss=removed>Specializing in Bergen County properties, Julieanne brings the breath of her experience to each transaction, giving each valued client a customized advantage throughout the buying and selling process.  Her thorough understanding of real estate trends, market conditions, market value, buyer motivations, selling techniques, strategic marketing and negotiation turn clients into loyal supporters and lifelong friends.  Buyers and sellers can always count on Julieanne to be of service with their home listings or sales.  Buyers can compare locations based on price range, amenities, features and value when seeking their perfect home. Sellers benefit from her detail oriented review of data, pricing and home staging knowledge.</span></p><br><p dir=\"ltr\" xss=removed><span xss=removed>As a resident of Cliffside Park, N.J, Julieanne enjoys the luxuries of a close knit community and neighborhood establishments.  She spends free time with family and friends enjoying theatre, exercising, spa activities, dining out, traveling and simply enjoying life.  She is active in local and national charities and is a major fundraiser for the Crohn’s and Colitis Foundation, which is dear to her heart.</span></p><br><p dir=\"ltr\" xss=removed><span xss=removed>As a dynamic businesswoman, Julieanne has continued her education not only in the classroom, but also networking events where she regularly interacts with business leaders and real estate attorneys in addition to title and mortgage company representatives.  She is a member of the Eastern Bergen County Board of Realtors.</span></p><br><p dir=\"ltr\" xss=removed><span xss=removed>If you are looking for someone with expertise and the drive to get the job done, contact Julieanne today.  Her enthusiasm and positive personality will certainly win you over.  Julieanne looks forward to serving you. </span></p><div><span xss=removed><br></span></div></span>', '', '', 0, '', '', '', '', '201.706.7008', '', 1532070000, 0, '', 0, 0, 0),
(21, 21, '', '21_avatar_KenGrier.jpg', 'Sales Associate / Realtor®', 9804113, 134, '<span id=\"docs-internal-guid-e3f6f578-b589-e396-4b20-7be0f21ab934\"><p dir=\"ltr\" xss=\"removed\"><span xss=\"removed\">\"My objective is to provide customers and clients with the best possible service, utilizing my professional sales experience to their best advantage.\"</span></p><br><p dir=\"ltr\" xss=\"removed\"><span xss=\"removed\">The opportunity to help others realize their real estate dreams is just one of the reasons Kenneth Grier found his calling as a realtor. His caring, respectful service combined with integrity, professionalism, and an eye for detail make him an ideal choice when you\'re ready to buy or sell a home. </span></p><br><p dir=\"ltr\" xss=\"removed\"><span xss=\"removed\">Before joining the Links team, Ken was employed as a National Field Sales Manager for the Wella Corporation. He was the founder and President of Grier Sales and Marketing, a sales promotion company. A keen business sense and strong sales background made his move to real estate a natural progression. Ken is a member of the Eastern Bergen County Board of Realtors, New Jersey Association of Realtors, and National Association of Realtors.</span></p><br><p dir=\"ltr\" xss=\"removed\"><span xss=\"removed\">A resident of Harrington Park and River Vale for over 40 years, Ken is eager to share his personal knowledge of the Bergen County housing market with customers and clients. </span></p><br><p dir=\"ltr\" xss=\"removed\"><span xss=\"removed\">Kenneth has a Bachelor\'s in Marketing from Gannon University and earned his MBA in Marketing from Fairleigh Dickinson. He served his country during the Vietnam era and received an honorable discharge from the United States Army. Ken is a life member and chapter officer in the Disabled American Veterans.Ken is a member of the Knights of Columbus and is a Eucharistic minister at Our Lady of Victories Church in Harrington Park. He enjoys sports, reading, and spending time with his family.</span></p><div><span xss=\"removed\"><br></span></div></span>', '', '', 0, '', '', '', '', '(201) 706-7008', '(201) 725-4605', 1532070000, 0, '', 0, 0, 0),
(22, 22, '', '22_avatar_kenSchwartz.jpg', 'Sales Associate / Realtor®', 1540944, 130, '<span id=\"docs-internal-guid-7c43e797-b58f-667a-0a38-58d1a8a74295\"><p dir=\"ltr\" xss=removed><span xss=removed>Kenneth is an energetic and hardworking go getter, who loves a challenge and takes great pride in his accomplishments. Your requests and needs will be listened to and become his priority. He strives to make the real estate transaction process smooth and easy, keeping you updated on all aspects of the deal. Along with his extensive knowledge in the real estate industry, you can rely on his attention to detail, reliability, loyalty, and honesty. With experience in construction and remodeling, he has a keen eye for finding the hidden potentials within a home. </span></p><p dir=\"ltr\" xss=removed><span xss=removed>If you want it, he\'ll find it. If you have it, he\'ll sell it. Kenneth works tirelessly to help you reach your real estate goals.</span></p><p dir=\"ltr\" xss=removed><span xss=removed>Kenneth is a member of the National Association of Realtors, Eastern Bergen Board of Realtors, and New Jersey MLS. </span></p><div><span xss=removed><br></span></div></span>', '', '', 0, 'Ken-Schwartz-Realtor-Associate-LINKS-Residential-1584032078579075/', 'in/kenneth-schwartz-b4ab50108/', 'schwartz.kenneth/', 'KenJaySchwartz', '(201) 706-7008', '(201) 365-8086', 1532070000, 0, '', 0, 0, 0),
(23, 23, '', '23_avatar_LioraKirsch.jpg', 'Sales Associate / Realtor®', 654321234, 0, '<span id=\"docs-internal-guid-2daf9f1e-b593-aa2a-fd38-23b2959d691e\"><p dir=\"ltr\" xss=removed><span xss=removed>Liora Kirsch was born in Israel, and split her time growing up between Tel Aviv and the New York metro area. Her multicultural background offers her clients an understanding and insight only a select few are able to provide. Liora has 25 years of experience in sales and marketing and for the last 10 years, has been deep-rooted in the local real estate market servicing hundreds of homebuyers and sellers alike throughout Bergen and Hudson County. Her strengths are in customer service and really listening to her client\'s needs. She is willing to give 110% to her clients and has a strong following coupled with high marks in service and loyalty.</span></p><p dir=\"ltr\" xss=removed><span xss=removed>Liora currently resides in Teaneck with her 3 lovely children. She is a member of the National Association of Realtors, Eastern Bergen Board of Realtors, and the New Jersey MLS.</span></p><div><span xss=removed><br></span></div></span>', '', '', 0, '', '', '', '', '(201) 706-7008', '', 1532070000, 0, '', 0, 0, 0),
(24, 24, '', '24_avatar_LuisGutierrez.jpg', 'Sales Associate / Realtor®', 65434565, 0, '<span id=\"docs-internal-guid-e343ae8e-b59d-6305-fd3d-a1056fba8999\"><p dir=\"ltr\" xss=\"removed\"><span xss=\"removed\">Unmistakable energy. Incredible negotiation skills. Persistence and dedication.</span></p><p dir=\"ltr\" xss=\"removed\"><span xss=\"removed\">Luis Gutierrez possesses an innate understanding and keen awareness of what it takes to be a top Realtor®. “I believe the customers’ needs and concerns are my number one priority. My goal is to be available to work with their best interests in mind – all the time.”</span></p><p dir=\"ltr\" xss=\"removed\"><span xss=\"removed\">Luis was born in Cuba, and moved to the United States at 8 years old.  He grew up in Hudson County, and studied Business at Middlesex County College. Luis is the founder of Imperial Group, a team of real estate agents specializing in Bergen, Hudson & Passaic Counties.  He uses his 14 years business experience to lead them, and his knowledge and foresight successfully achieves his client’s goals. He and his team communicate with buyers, sellers and renters in every detail of a transaction, from the first phone call all the way to close.  “I pride myself on exceptional service and negotiation skills, and I enjoy helping people achieve the American Dream just as I did.”</span></p><p dir=\"ltr\" xss=\"removed\"><span xss=\"removed\">Luis resides in _________________ with his wife and two beautiful children. He is a member of the National Association of Realtors, the Young Professionals Network (YPN), Eastern Bergen County Board of Realtors, New Jersey Association of Realtors, New Jersey MLS, Garden State MLS, Central Jersey MLS, and Hudson County MLS.</span></p><p dir=\"ltr\" xss=\"removed\"><span xss=\"removed\">Five words you can count on when working with Luis Gutierrez? Integrity, commitment, passion, personable, productive. </span></p><div><span xss=\"removed\"><br></span></div></span>', '', '', 0, '', '', '', '', '(201) 706-7008', '', 1532070000, 0, '', 0, 0, 0),
(25, 25, '', '25_avatar_MalkaAbrams.jpg', 'Sales Associate / Realtor®', 1223882, 125, '<span id=\"docs-internal-guid-2889ee2e-b5a2-f629-b4e1-fbc3e90b6edf\"><p dir=\"ltr\" xss=\"removed\"><span xss=\"removed\">Malka is a long time resident of Bergen County, with extensive knowledge of the area. She is committed to educating her clients, offering detailed explanations of, and guiding them through both the buying and selling process. Her background in finance leaves her uniquely positioned to understand the concerns of today\'s buyer. </span></p><p dir=\"ltr\" xss=\"removed\"><span xss=\"removed\">Malka\'s devotion to clients is evidenced by the strong relationships she builds with them. She believes your home is a reflection of who you are, and an extension of your lifestyle. She approaches every new challenge with determination and goes above and beyond to find you a place to live and love.</span></p><p dir=\"ltr\" xss=\"removed\"><span xss=\"removed\">Malka is a member of the National Association of Realtors, the Eastern Bergen County Board of Realtors and the New Jersey MLS. She has also received her Accredited Buyer’s Representative® designation.</span></p><div><span xss=\"removed\"><br></span></div></span>', 'ABR (Accredited Buyers Representative)', '', 0, '', '', '', '', '(201) 706-7008', '(201) 739-9654', 1532070000, 0, '', 0, 0, 0),
(26, 26, '', '26_avatar_MalkieBenson.jpg', 'Sales Associate / Realtor®', 1650525, 213, '<span id=\"docs-internal-guid-5ffbffc4-b5a7-5ce7-a38c-f51e5b3af930\"><p dir=\"ltr\" xss=removed><span xss=removed>\"Making dreams into reality\"</span></p><p dir=\"ltr\" xss=removed><span xss=removed>A teacher by day, Malkie Benson understands the value of open, simple communication and listening. She knows that the right tone and the right reassuring word can make all the difference to a new family buying a home in preparation for baby number three, or to a widower selling their family home of 20 years. She knows that listening to the customer\'s needs ensures long-term happiness and a beneficial agent-client relationship. </span></p><p dir=\"ltr\" xss=removed><span xss=removed>Her career experience - travel agent (where she learned the art of the deal), teacher, and now real estate agent - is all fueled by a desire to connect and communicate: \"Everyone has a story, and each one fascinates me. It\'s the people I meet that I would otherwise not have known, and the life stories they share with me...that\'s what I love.\"  </span></p><p dir=\"ltr\" xss=removed><span xss=removed>What was Malkie\'s inspiration for becoming an agent? A chance to do good. \"Moving is high on the list of stressful things to do. When I\'m able to ease that stress and burden for my clients and help them buy or sell something as important as their home, it feels great.\"</span></p><p dir=\"ltr\" xss=removed><span xss=removed>Malkie Benson earned her education certifications at Concordia University and through her studies in Israel. Malkie is on the board of the Shaarei Orah synagogue and the Yeshiva Noam Parents\' Association. A Montreal native, Malkie is a fan of Celine Dion and the Canadians hockey team. She currently resides in Teaneck with her husband of 15 years and three children. </span></p><div><span xss=removed><br></span></div></span>', '', '', 0, 'malkiebenson', '', '', '', '(201) 706-7008', '(585) 500-5233', 1532070000, 0, '', 0, 0, 0),
(27, 27, '', '27_avatar_MarcStein.jpg', 'Broker / Owner / Realtor®', 337014, 102, 'Bio To Follow', 'ABR (Accredited Buyers Representative)', '', 0, 'LinksNJ/?ref=aymt_homepage_panel', 'company-beta/4988720', 'linksnj/', 'LinksNJ', '(201) 706-7008', '(201) 522-9733', 943945200, 0, '', 0, 0, 0),
(28, 28, '', '28_avatar_MichellePadilla.jpg', 'Sales Associate / Realtor®', 987678987, 0, 'Bio To Follow', '', '', 0, '', '', '', '', '(201) 706-7008', '', 1532070000, 0, '', 0, 0, 0),
(29, 29, '', '29_avatar_MichelleWasserlauf.jpg', 'Sales Associate / Realtor®', 1324799, 124, '<span id=\"docs-internal-guid-8bc4c211-b5b2-13d4-31c4-68ca980813fe\"><p dir=\"ltr\" xss=\"removed\"><span xss=\"removed\">Michelle is a New Jersey real estate agent specializing in first time home buyers and finding families’ homes. As a local Bergenfield resident, Michelle has a great understanding of Northern New Jersey, and in particular, Bergen County real estate. Michelle is known for her honesty and genuine approachability when it comes to helping clients find their perfect home. As a mother of 3 young children, she understands the unique concerns a growing family has in choosing a home, and she can be a critical sounding board when it comes to considering and comparing all angles and options on the table to make sure you get the best deal possible. </span></p><p dir=\"ltr\" xss=\"removed\"><span xss=\"removed\">Michelle is a fluent English, Hebrew, Spanish, and French speaker, and she is eager to work with a broad range of clientele. She is a member of the National Associatione ofn Realtors, Eastern Bergen County Board of Realtors and New Jersey MLS. </span></p><div><span xss=\"removed\"><br></span></div></span>', '', '', 0, 'michal.wasserlauf', 'in/michelle-wasserlauf-bb946354/', '@michalwasserlauf', '@Mwasserlauf', '(201) 706-7008', '(646) 702-8577', 1532070000, 0, '', 0, 0, 0),
(30, 30, '', '30_avatar_NinaEizikovitz.jpg', 'Sales Associate / Realtor®', 1433792, 126, '<span id=\"docs-internal-guid-13d69edc-b5c2-5711-71a1-26933e6cdbd7\"><p dir=\"ltr\" xss=removed><span xss=removed>Nina Eizikovitz is a top producing agent in Bergen County. With a background in marketing, she brings her experience, attention to detail and creativity to every deal. She stays on top of market trends to successfully achieve her client’s goals in the least amount of time with the least amount of stress possible! She prides herself on her patience and listening skills, and on being the person that her friends, colleagues, and clients turn to for advice. </span></p><p dir=\"ltr\" xss=removed><span xss=removed>Nina has spent over a decade working with non-profit organizations in both professional and volunteer capacities. She has been a Bergen County resident her entire life and currently resides in Bergenfield with her husband and four children.</span></p><p dir=\"ltr\" xss=removed><span xss=removed>Nina is a member of the National Association of Realtors, the Eastern Bergen County Board of Realtors and the New Jersey MLS. She has also received her Accredited Buyer’s Representative designation.</span></p><div><span xss=removed><br></span></div></span>', 'ABR (Accredited Buyers Representative)', '', 0, 'ninahe', 'in/nina-eizikovitz-b950a312b/', 'ninalinks', '', '(201) 706-7008', '(201) 280-5025', 1532070000, 0, '', 0, 0, 0),
(31, 31, '', '31_avatar_RenaStrulowitz.jpg', 'Sales Associate / Realtor®', 1328872, 123, '<span id=\"docs-internal-guid-3c4a4f9b-b5ca-5135-7247-548c7e88f82c\"><p dir=\"ltr\" xss=removed><span xss=removed>Having lived in Bergen County for over 20 years, Rena utilizes her extensive real estate expertise and local market knowledge to guide home buyers and sellers throughout the entire real estate process. She also has had much experience guiding clients through each stage of successful renovation and construction projects. Rena possesses great listening skills and really enjoys both getting to know and educating her clients to ensure that they will secure the property that will be a perfect fit.</span><span xss=removed><br class=\"kix-line-break\"></span><span xss=removed><br class=\"kix-line-break\"></span><span xss=removed>Prior to becoming a real estate professional, Rena was an actuarial consultant in a managerial role at Ernst & Young LLP, in New York. Rena\'s consulting, analytical and management experiences coupled with her keen attention to detail, have positioned her for success in the real estate industry. When Rena is not working with buyers and sellers to find them their next dream home, you can find her with her husband and four children enjoying various activities.</span></p><p dir=\"ltr\" xss=removed><span xss=removed>Rena is a member of the National Association of Realtors, Eastern Bergen County Board of Realtors and New Jersey MLS. </span></p><div><span xss=removed><br></span></div></span>', '', '', 0, '', '', '', '', '(201) 706-7008', '(201) 214-1131', 1532070000, 0, '', 0, 0, 0),
(32, 32, '', '32_avatar_Roger-Mejia.jpg', 'Sales Associate / Realtor®', 1100223344, 0, '<span id=\"docs-internal-guid-6fbaacb2-b5ce-912d-6f15-2c31d27cfce2\"><p dir=\"ltr\" xss=removed><span xss=removed>Roger is a caring and understanding person who loves to work with people and exercise his problem-solving skills. He recognizes that hard work, persistence, and dedication pay off when trying to achieve your goals. He understands that everyone has goals for themselves but sometimes we can’t always achieve them on our own. One of Roger’s primary goals is to make sure that his clients have a positive and memorable real estate experience, like he himself had with the agent who helped Roger sell his apartment and buy his first home. </span></p><p dir=\"ltr\" xss=removed><span xss=removed>Prior to entering the real estate industry, Roger gained valuable experience working in retail at dealerships, retail stores, and his job of 20+ years in NYC where he has built a trustful relationship with over 100 tenants. He is very outgoing and trustworthy which is why many of his friends and family rely on his inquisitive skills to help them find their perfect car, apartment, or home.</span></p><p dir=\"ltr\" xss=removed><span xss=removed>Roger graduated from Fairleigh Dickinson University with a degree in Criminal Justice and a Minor in Communication. He enjoys listening to motivational podcasts and learning new things every day. His passion for learning leads him to admire the difficulties of our lives, how to overcome life’s challenges, and how others have become successful in their lives. He has always enjoyed helping others and has volunteered for several years at the Bogota police auxiliaries and the Hackensack police. He currently resides in Bogota with his wife and three sons. During his free time Roger spends time with his family and remains actively involved in his sons’ lives and activities.</span></p><div><span xss=removed><br></span></div></span>', '', '', 0, '', '', '', '', '(201) 706-7008', '', 1532070000, 0, '', 0, 0, 0),
(33, 33, '', '33_avatar_SaraLenderer.jpg', 'Sales Associate / Realtor®', 1540852, 132, '<span id=\"docs-internal-guid-f1f14084-b5d9-f217-1025-a573d54e8c57\"><p dir=\"ltr\" xss=removed><span xss=removed>Sara’s success and reputation as an effective, results-driven professional has fueled her new career as a Realtor. With a background in Education for the past 13 years, Sara has learned to have a lot of patience and has mastered the art of listening. Her experience along with holding a Master’s Degree in Psychology gives her the added advantage and discipline to succeed in this industry.</span></p><p dir=\"ltr\" xss=removed><span xss=removed>Sara is committed to tailoring her client’s needs and building long-time client relationships. She is familiar with various communities and their resources. Great at reading people and filled with determination, Sara will educate clients on the market and various neighborhoods to inspire the best decisions throughout the sale process.</span></p><p dir=\"ltr\" xss=removed><span xss=removed>Sara currently resides in Teaneck with her husband and three children. She is a member of the National Association of Realtors, Eastern Bergen Board of Realtors and the New Jersey MLS. </span></p><div><span xss=removed><br></span></div></span>', '', '', 0, '', '', '', '', '(201) 706-7008', '(917) 608-9084', 1532070000, 0, '', 0, 0, 0),
(34, 34, '', '34_avatar_SuzanneTutuPacker.jpg', 'Sales Associate / Realtor®', 456835, 0, '<span id=\"docs-internal-guid-ea370946-b5de-ba45-616c-630906726c71\"><span xss=removed>Suzanne, ‘Tutu\' Packer, has been in the real estate industry for over 8 years and offers great skill and expertise to our team. Originally from Monsey, NY, Tutu started her family in the Teaneck Garden Apartments. She bought her first house in Teaneck, and currently lives in the West Englewood area of town with her husband and 3 children.</span><span xss=removed><br class=\"kix-line-break\"></span><span xss=removed><br class=\"kix-line-break\"></span><span xss=removed>As a representative, Tutu\'s trademarks are her sincerity and dedication when it comes to protecting her clients\' best interests and finding the right house for them. You can rest assured she will never push a house or location that is not a perfect fit. Tutu\'s confidence and positive energy make her an instant client favorite and she loves continuing the professional relationships she has built, even after the business deal has closed. </span><span xss=removed><br class=\"kix-line-break\"></span><span xss=removed><br class=\"kix-line-break\"></span><span xss=removed>Tutu focuses on first time buyers, newcomers to the area, and international clients. She specializes in real estate in Teaneck, Bergenfield, New Milford, and Englewood. She is a member of the National Association of Realtors, Eastern Bergen County Board of Realtors and New Jersey MLS. </span></span>', '', '', 0, '', '', '', '', '(201) 706-7008', '(917) 670-6495', 1532070000, 0, '', 0, 0, 0),
(35, 35, '', '35_avatar_TatianaHeadShot.jpg', 'Sales Associate / Realtor®', 2147483647, 0, 'Bio To Follow', '', '', 0, '', '', '', '', '(201) 706-7008', '', 1532070000, 0, '', 0, 0, 0);

-- --------------------------------------------------------

--
-- Table structure for table `users_groups`
--

CREATE TABLE `users_groups` (
  `id` int(11) UNSIGNED NOT NULL,
  `user_id` int(11) UNSIGNED NOT NULL,
  `group_id` mediumint(8) UNSIGNED NOT NULL
) ENGINE=InnoDB DEFAULT CHARSET=utf8;

--
-- Dumping data for table `users_groups`
--

INSERT INTO `users_groups` (`id`, `user_id`, `group_id`) VALUES
(1, 1, 1),
(2, 1, 2),
(3, 2, 2),
(4, 3, 2),
(5, 4, 2),
(6, 5, 2),
(7, 6, 2),
(8, 7, 2),
(9, 8, 2),
(10, 9, 2),
(11, 10, 2),
(12, 11, 2),
(13, 12, 2),
(14, 13, 2),
(15, 14, 2),
(16, 15, 2),
(17, 16, 2),
(18, 17, 2),
(19, 18, 2),
(20, 19, 2),
(21, 20, 2),
(22, 21, 2),
(23, 22, 2),
(24, 23, 2),
(25, 24, 2),
(26, 25, 2),
(27, 26, 2),
(28, 27, 2),
(29, 28, 2),
(30, 29, 2),
(31, 30, 2),
(32, 31, 2),
(33, 32, 2),
(34, 33, 2),
(35, 34, 2),
(36, 35, 2);

--
-- Indexes for dumped tables
--

--
-- Indexes for table `users`
--
ALTER TABLE `users`
  ADD PRIMARY KEY (`id`);

--
-- Indexes for table `users_data`
--
ALTER TABLE `users_data`
  ADD PRIMARY KEY (`id`);

--
-- Indexes for table `users_groups`
--
ALTER TABLE `users_groups`
  ADD PRIMARY KEY (`id`),
  ADD UNIQUE KEY `uc_users_groups` (`user_id`,`group_id`),
  ADD KEY `fk_users_groups_users1_idx` (`user_id`),
  ADD KEY `fk_users_groups_groups1_idx` (`group_id`);

--
-- AUTO_INCREMENT for dumped tables
--

--
-- AUTO_INCREMENT for table `users`
--
ALTER TABLE `users`
  MODIFY `id` int(11) UNSIGNED NOT NULL AUTO_INCREMENT, AUTO_INCREMENT=36;

--
-- AUTO_INCREMENT for table `users_data`
--
ALTER TABLE `users_data`
  MODIFY `id` int(11) NOT NULL AUTO_INCREMENT, AUTO_INCREMENT=36;

--
-- AUTO_INCREMENT for table `users_groups`
--
ALTER TABLE `users_groups`
  MODIFY `id` int(11) UNSIGNED NOT NULL AUTO_INCREMENT, AUTO_INCREMENT=37;

--
-- Constraints for dumped tables
--

--
-- Constraints for table `users_groups`
--
ALTER TABLE `users_groups`
  ADD CONSTRAINT `fk_users_groups_groups1` FOREIGN KEY (`group_id`) REFERENCES `groups` (`id`) ON DELETE CASCADE ON UPDATE NO ACTION,
  ADD CONSTRAINT `fk_users_groups_users1` FOREIGN KEY (`user_id`) REFERENCES `users` (`id`) ON DELETE CASCADE ON UPDATE NO ACTION;
COMMIT;

/*!40101 SET CHARACTER_SET_CLIENT=@OLD_CHARACTER_SET_CLIENT */;
/*!40101 SET CHARACTER_SET_RESULTS=@OLD_CHARACTER_SET_RESULTS */;
/*!40101 SET COLLATION_CONNECTION=@OLD_COLLATION_CONNECTION */;
